Training data
Example: Duen Lee -> lee
Example: Kam Lan Lui -> lui
Example: John Casey -> casey
Example: Chun Quai Jung -> jung
Example: Wade Wei Loo -> loo
Example: Yek Lee -> lee
Example: Nancy J Read -> read
Example: Singtai Fred Koh -> koh
Example: Jeremiah Murphy -> murphy
Example: Jeso O Toy -> toy
Example: Awny Chin -> chin
Example: Charles Peter -> peter
Example: Patrick Allen -> allen
Example: John Haffey -> haffey
Example: Ling Nong -> nong
Example: Richard Ennis -> ennis
Example: Ernest W S Buckland -> buckland
Example: Michael McCauley -> mccauley
Example: Thomas Clacher -> clacher
Example: Din Woy -> woy
Example: Der San -> san
Example: August E Kiligan -> kiligan
Example: Rose Wong Ng -> ng
Example: Peter Bainier -> bainier
Example: Bah N Mun -> mun
Example: William Roulston -> roulston
Example: Woo Lum Vink -> vink
Example: Patrick Cleary -> cleary
Example: Low Ying -> ying
Example: John Rotchford -> rotchford
Example: Richard Barry -> barry
Example: Joseph Rice -> rice
Example: Thomas Hand -> hand
Example: James Collins -> collins
Example: Tom Lim Gee -> gee
Example: Patrick Hawkins -> hawkins
Example: George Cavanagh -> cavanagh
Example: Wah Jung -> jung
Example: Lee Shee Chang -> chang
Example: Feodor Reutov -> reutov
Example: Samuel Culson -> culson
Example: Pak Liu -> liu
Example: Fong Shee Young -> young
Example: Chin Chin Yee -> yee
Example: Yee Wong -> wong
Example: Lee Ying -> ying
Example: Ngshae Taw Sao -> sao
Example: Pei-Ting Chris Huynh -> huynh
Example: Francis J Rock -> rock
Example: John Haffy -> haffy
Example: Timothy Collins -> collins
Example: James Doonan -> doonan
Example: Francis McGuire -> mcguire
Example: Wee Louie -> louie
Example: John Hunter -> hunter
Example: Michael G Mason -> mason
Example: Kee Chee -> chee
Example: Michael Byrne -> byrne
Example: John Boomer -> boomer
Example: Toy Kai -> kai
Example: Francis Thompson -> thompson
Example: Kang Lee -> lee
Example: Patrick McDonald -> mcdonald
Example: William J Burns -> burns
Example: Pim Wang -> wang
Example: Patrick Curney -> curney
Example: Na Yeeyuen -> yeeyuen
Example: Robert Bottcher -> bottcher
Example: Alexander M Mackay -> mackay
Example: Fook Chay -> chay
Example: Adam Naeder -> naeder
Example: Yue Fung Ug -> ug
Example: Wong Kuey -> kuey
Example: Joe Wan Song -> song
Example: Thomas Stafford Henderson -> henderson
Example: Chun Kwei Miu -> miu
Example: Chin Chan -> chan
Example: James Sherrie -> sherrie
Example: Lung Pay Lee -> lee
Example: Thomas Flanger -> flanger
Example: John Culham -> culham
Example: Zinaida Kosloff -> kosloff
Example: Tung Kwan -> kwan
Example: George Redford -> redford
Example: William O'Connor -> oconnor
Example: Frank Ing -> ing
Example: Mathew Mulgueen -> mulgueen
Example: William Kilduff -> kilduff
Example: Alexander Stewart -> stewart
Example: Guang Cui Xia Yu -> yu
Example: James Began -> began
Example: Jung Lai -> lai
Example: Tung Tom -> tom
Example: James Mc Cook -> cook
Example: John Bransfield -> bransfield
Example: Thomas Keary -> keary
Example: Mark Hing -> hing
Example: Yen Hong Wong -> wong
Example: Simeon Farrell -> farrell
Example: Lee Wah Jan -> jan
Example: Violet Low -> low
Example: Tim Fong -> fong
Example: Pavel Kuzmin -> kuzmin
Example: Tow Chin -> chin
Example: Yuke Chin Ng -> ng
Example: John Bowmen -> bowmen
Example: Hector Purdhomme -> purdhomme
Example: Kow Lee -> lee
Example: Frank Boyle -> boyle
Example: Luk Long Wong -> wong
Example: Mark Beattie -> beattie
Example: Patrick Kierman -> kierman
Example: Harry Soon Kong -> kong
Example: Sing Lop Ho -> ho
Example: Long May -> may
Example: John Corry -> corry
Example: Charles Dooling -> dooling
Example: Edward W Wood -> wood
Example: Leona Mook Tyau -> tyau
Example: James Meikle -> meikle
Example: Wong Apau -> apau
Example: George Wing -> wing
Example: Albert Bevis -> bevis
Example: Wilbert Werling -> werling
Example: Thomas Branagan -> branagan
Example: Wing Gee -> gee
Example: Martin Bach -> bach
Example: Michael Darling -> darling
Example: Anna Young -> young
Example: William McGushion -> mcgushion
Example: Patrick Powers -> powers
Example: Yam Shiu -> shiu
Example: Fook Hoi -> hoi
Example: On Lew -> lew
Example: Patrick Tooner -> tooner
Example: John Hunt -> hunt
Example: Alfred P Walsh -> walsh
Example: Edward Aspell -> aspell
Example: Daniel O'Brien -> obrien
Example: Henry Boedecker -> boedecker
Example: Edward Ford -> ford
Example: John Eagen -> eagen
Example: Ruth Vancamp -> vancamp
Example: Lee Pak Dung -> dung
Example: James Fitzpatrick -> fitzpatrick
Example: Henry Brock -> brock
Example: John T Smithson -> smithson
Example: William Welsh -> welsh
Example: Patt Clear -> clear
Example: Hon Log Loo -> loo
Example: Daniel O'Connor -> oconnor
Example: Patrick Carroll -> carroll
Example: Donald Newton -> newton
Example: Alexander Rodman -> rodman
Example: James O'Connell -> oconnell
Example: Yong Hom -> hom
Example: Sam Tant -> tant
Example: Hew Wong -> wong
Example: John Mohan -> mohan
Example: Joseph Z Le Page -> page
Example: John Gegan -> gegan
Example: Tom Hain -> hain
Example: Nicholas Barch -> barch
Example: David Dempsey -> dempsey
Example: Thomas Medhurst -> medhurst
Example: Bob Yook Chaw -> chaw
Example: Peter Hanefey -> hanefey
Example: Henry Armour -> armour
Example: Alfred Simms -> simms
Example: Natalia Vasilievna Ivanov -> ivanov
Example: Edward Mc Gonegal -> gonegal
Example: Kong Foo -> foo
Example: John Clugston -> clugston
Example: Andrew I Fleming -> fleming
Example: Patrick Brady -> brady
Example: John Pickley -> pickley
Example: James Bagnell -> bagnell
Example: Harry Mark -> mark
Example: Charles K Buckley -> buckley
Example: Charles L Apy -> apy
Example: Edward Croker -> croker
Example: John O'Mara -> omara
Example: Anson D Van Auken -> auken
Example: Mickal O'Brien -> obrien
Example: Owen McAloon -> mcaloon
Example: Joseph Binns -> binns
Example: Mark On -> on
Example: Joseph Bates -> bates
Example: William L Dowling -> dowling
Example: Shesming Szeto -> szeto
Example: Natalie Mahoff -> mahoff
Example: George Glancy -> glancy
Example: Christopher Tiernan -> tiernan
Example: Wong Man -> man
Example: Henry McGrath -> mcgrath
Example: Stephen Deering -> deering
Example: Wong Chin -> chin
Example: Arthur Barry -> barry
Example: Louie Sen -> sen
Example: Peter Rice -> rice
Example: Thomas Condrew -> condrew
Example: Yan Quan -> quan
Example: John J Donaghy -> donaghy
Example: Raymond Lee -> lee
Example: Charles Lee -> lee
Example: Ho Shee -> shee
Example: Charley Quong -> quong
Example: Michael Cronin -> cronin
Example: John Cartledge -> cartledge
Example: Michael Kitson -> kitson
Example: James Kennedy -> kennedy
Example: Beng Tuck Pang -> pang
Example: Lee Yee -> yee
Example: Lin Hu Ching -> ching
Example: William H Bendall -> bendall
Example: William Quinn -> quinn
Example: Bing Chuck Leong -> leong
Example: Daw Jay -> jay
Example: Chin Fon Lon Eng -> eng
Example: Martin O Mara -> mara
Example: Fum Shee Loo -> loo
Example: You Sang Moy -> moy
Example: Stephen J Tynan -> tynan
Example: Patrick Barry -> barry
Example: Petr Martushoff -> martushoff
Example: Robert Edgerto -> edgerto
Example: Peter Bruce -> bruce
Example: Henry Donley -> donley
Example: Wo Fook -> fook
Example: Hildur Dahlin -> dahlin
Example: Martin Grennin -> grennin
Example: Low Love -> love
Example: Huey-Bao Williams -> williams
Example: James Fallon -> fallon
Example: Cheung Chun -> chun
Example: Daniel Harkins -> harkins
Example: Yue Lan -> lan
Example: Richard H Terry -> terry
Example: James McAuliffe -> mcauliffe
Example: Chang Shee MA -> ma
Example: William Langon -> langon
Example: John Boyne -> boyne
Example: Luke Doyle -> doyle
Example: Peter Callaghan -> callaghan
Example: Yee Duck Mon -> mon
Example: John Neavin -> neavin
Example: Lung Ark Jing -> jing
Example: Kong Wang -> wang
Example: Herman Libienthal -> libienthal
Example: Samuel U Strickland -> strickland
Example: June Lau Meininger -> meininger
Example: Thomas Carey -> carey
Example: Bernard Cusack -> cusack
Example: Gin Hong Choy -> choy
Example: Thomas Wing-Yan Kan -> kan
Example: Stepson Lowie -> lowie
Example: Walter Bowden -> bowden
Example: Sarah Ann Daniel -> daniel
Example: So Mooi Jung Lee -> lee
Example: Sam Moy -> moy
Example: Patrick James Cahill -> cahill
Example: Farrell J Larkins -> larkins
Example: Peter Byrne -> byrne
Example: Sarah McCarthy -> mccarthy
Example: Pat Mc Erney -> erney
Example: Andrew Nemas -> nemas
Example: Martha Berry -> berry
Example: Mathias Caulfield -> caulfield
Example: Fum Fat Sinn -> sinn
Example: John You Moy -> moy
Example: Henry Gimber -> gimber
Example: Wai Wo Yee -> yee
Example: Lee B Ping -> ping
Example: Wendelin N Rottler -> rottler
Example: John Barrow -> barrow
Example: Hugh Flynne -> flynne
Example: Ah Sam -> sam
Example: Matthew Tuhoy -> tuhoy
Example: Dip Lee -> lee
Example: Owen Moran -> moran
Example: Will Wong -> wong
Example: William H Moore -> moore
Example: David N Jones -> jones
Example: Nai Lee -> lee
Example: William Atkins -> atkins
Example: Patrick Corcoran -> corcoran
Example: John Bell -> bell
Example: Henry Rose -> rose
Example: Sylvester McCarthy -> mccarthy
Example: William Kingman Wong -> wong
Example: Patrick J Connell -> connell
Example: Jao Dong -> dong
Example: Wong Gee -> gee
Example: William C Collings -> collings
Example: John Lazarus -> lazarus
Example: Shewyoke May -> may
Example: Yung Li -> li
Example: Anne W Eubanks -> eubanks
Example: Sou Chang -> chang
Example: Bernard Cunningham -> cunningham
Example: Charles Bean -> bean
Example: Keong Chan -> chan
Example: Wong Shee Kau -> kau
Example: Ou Leong Long -> long
Example: Bridget Armstrong -> armstrong
Example: Willam Jasper Addems -> addems
Example: Hong Kan -> kan
Example: Jim Jin -> jin
Example: Patrick Stanton -> stanton
Example: Po Chu Yan -> yan
Example: Thomas J Maguire -> maguire
Example: Peter J Galligan -> galligan
Example: Patrick J Doherty -> doherty
Example: Mary B Mason -> mason
Example: Chun Fei Buy Lee -> lee
Example: Henry Nig -> nig
Example: Hugh Lee -> lee
Example: Tong Gong Wong -> wong
Example: Francis Albouy -> albouy
Example: Edmond Boisseau -> boisseau
Example: Harry Joe -> joe
Example: Wong Wah Chan -> chan
Example: Zhi Chao Xie -> xie
Example: Terence McQuade -> mcquade
Example: Ping Chin -> chin
Example: Cornelius Bohan -> bohan
Example: Peter Strauss -> strauss
Example: Newell Martin -> martin
Example: Mathew Clum -> clum
Example: William J Breen -> breen
Example: Valentine Dwyer -> dwyer
Example: Eng Hong -> hong
Example: Patrick Cullum -> cullum
Example: Kamping Lew -> lew
Example: Wing Jew Jin -> jin
Example: Hugh Reid -> reid
Example: Arthur Callen -> callen
Example: May Chong -> chong
Example: Quong Loy -> loy
Example: Sing Way -> way
Example: Thomas McIntyre -> mcintyre
Example: Peter Brown -> brown
Example: Wee Wong -> wong
Example: James Murphy -> murphy
Example: Sing Sing -> sing
Example: Kan Fu Choi -> choi
Example: Fredrick W Becker -> becker
Example: George Banks -> banks
Example: John Byrne -> byrne
Example: Jennie Jue -> jue
Example: Oi Lan Chung -> chung
Example: Bartly Cook -> cook
Example: Daniel Abrahams -> abrahams
Example: Henry Joe -> joe
Example: Samuel Orr Whitefort -> whitefort
Example: Alexander Cocker -> cocker
Example: Oliver Franklin -> franklin
Example: Shenon Lee -> lee
Example: Chuck Leong Young -> young
Example: Lin Chang -> chang
Example: Patrick McGwney -> mcgwney
Example: Robert Carey -> carey
Example: Frank Howe -> howe
Example: Look Young -> young
Example: Hang Gee -> gee
Example: Sam Chan -> chan
Example: George Linney -> linney
Example: Moon Shue -> shue
Example: Gee Ming -> ming
Example: Patrick Smallen -> smallen
Example: James Cooper -> cooper
Example: Peter Yuk Shing Miu -> miu
Example: Ong Louie -> louie
Example: George Ackerson -> ackerson
Example: Dennis McGann -> mcgann
Example: John Carr -> carr
Example: Cornelius Cassidy -> cassidy
Example: Fook Chuey Lee -> lee
Example: Alexander Wood -> wood
Example: Wing Fong -> fong
Example: John Slocum -> slocum
Example: George Hoe -> hoe
Example: Flora Sullivan -> sullivan
Example: Richonde Houson -> houson
Example: William Lannon -> lannon
Example: Marjorie Smith -> smith
Example: William Stapleton -> stapleton
Example: Henry Lewelliyn -> lewelliyn
Example: Harry Young -> young
Example: Joseph Corrigan -> corrigan
Example: Edward McDermott -> mcdermott
Example: Frank Novak -> novak
Example: Joe Him Wong -> wong
Example: Mei Yin Raymond -> raymond
Example: Patrick Banigan -> banigan
Example: Humphrey Bell -> bell
Example: John Gillespie -> gillespie
Example: Thomas Farr -> farr
Example: James Cosgrove -> cosgrove
Example: Charles Yen -> yen
Example: Stephen McGovern -> mcgovern
Example: George Wah -> wah
Example: Richard T Lynch -> lynch
Example: Edward F Brown -> brown
Example: Kwei Ng -> ng
Example: David Black -> black
Example: Fathai Wong -> wong
Example: John McGivney -> mcgivney
Example: John Sweetman -> sweetman
Example: Dock Yow Wong -> wong
Example: Con Brosnan -> brosnan
Example: John Rine -> rine
Example: Michael Brannan -> brannan
Example: Grace Chan Shee Moy -> moy
Example: Andrew Branden -> branden
Example: James Adams -> adams
Example: Edwin Jue Kan -> kan
Example: Sang Wong -> wong
Example: Patrick Driscoll -> driscoll
Example: Man Kong Cheung -> cheung
Example: Chong Fong -> fong
Example: Patrick Cook -> cook
Example: John Shean -> shean
Example: George Thompson -> thompson
Example: William Ahern -> ahern
Example: Henry K O'Young -> oyoung
Example: Sung Do -> do
Example: Michael Hopkins -> hopkins
Example: Willard R Duncan -> duncan
Example: William Gray -> gray
Example: King Chung -> chung
Example: Hugh Battersby -> battersby
Example: Mong She Chuck -> chuck
Example: Edward Beavan -> beavan
Example: Harry Kitbeild -> kitbeild
Example: Farn Moy -> moy
Example: Pon Kow -> kow
Example: Francis Reilly -> reilly
Example: Chas Tun -> tun
Example: Gifford Beckon -> beckon
Example: John Hutchinson -> hutchinson
Example: Muriel Chambers -> chambers
Example: Babay Puiwah Young -> young
Example: Thomas Butcher -> butcher
Example: John McKeough -> mckeough
Example: Patrick Clark -> clark
Example: Suey Wah Tuey -> tuey
Example: George Fawcett -> fawcett
Example: Hing Gen Yee -> yee
Example: Joseph Newton -> newton
Example: Moses Gilfoyle -> gilfoyle
Example: Yee Sing Louie -> louie
Example: Sing J Leong -> leong
Example: Hos Shee Young -> young
Example: David Jow Gin -> gin
Example: Yuen Woo -> woo
Example: Lee Hugh -> hugh
Example: Hugh Wallace Best -> best
Example: Andrew Phalen -> phalen
Example: Jay Ching -> ching
Example: Ivan Sherman -> sherman
Example: Thomas Seary -> seary
Example: Mun Hon Yuen -> yuen
Example: Thomas L Coleman -> coleman
Example: James McIver -> mciver
Example: Jeremiah Calnan -> calnan
Example: On Mar -> mar
Example: William Robert Blaney -> blaney
Example: Hong Forge Moy -> moy
Example: William Hamilton -> hamilton
Example: William Beatty -> beatty
Example: Yip Shing Lee -> lee
Example: Louis Fong -> fong
Example: Joseph Grice -> grice
Example: Robert Barnhill -> barnhill
Example: John E French -> french
Example: Chow Do Gong -> gong
Example: George Bicker -> bicker
Example: Joseph Reinhart -> reinhart
Example: John Baptist -> baptist
Example: Peter Leavy -> leavy
Example: Tom Mee -> mee
Example: Frank W Kennedy -> kennedy
Example: David Burris -> burris
Example: Quanwing Moy -> moy
Example: John Welsh -> welsh
Example: Andrew Coughlan -> coughlan
Example: Peter Duizey -> duizey
Example: Joseph Shears -> shears
Example: John O'Connor -> oconnor
Example: Thomas Benson -> benson
Example: John Benson -> benson
Example: Henry Lew -> lew
Example: Wong Ben -> ben
Example: Bernard Graves -> graves
Example: Young Poile -> poile
Example: Vasily P Reutov -> reutov
Example: Hin Ton Mar -> mar
Example: John Gilbert Wren -> wren
Example: Oliver Chapin -> chapin
Example: Grace Pang -> pang
Example: Gong Mong Leung -> leung
Example: Aster Fong -> fong
Example: George Bradley -> bradley
Example: Ching See Heer -> heer
Example: Noah Otton -> otton
Example: Wong Wing -> wing
Example: Lee Cum Chan -> chan
Example: Anson B Bullock -> bullock
Example: Andrew Cox -> cox
Example: Fook On Moy -> moy
Example: Lawrence Ryan -> ryan
Example: James McNally -> mcnally
Example: John T Brennan -> brennan
Example: Yee Fee -> fee
Example: Lee Kong -> kong
Example: Laont Casier -> casier
Example: Benson Wong -> wong
Example: Yam Kim -> kim
Example: James Mc Alhiney -> alhiney
Example: Lew Guey -> guey
Example: Frank Gallagher -> gallagher
Example: Sidney C Harris -> harris
Example: Yerk Chan Wong -> wong
Example: Yon Foo Eng -> eng
Example: James Aylward -> aylward
Example: Marian Morrison -> morrison
Example: Loo Wai -> wai
Example: William May -> may
Example: King Eng -> eng
Example: Chan On -> on
Example: Tam Wing Chew -> chew
Example: Sumner Moore -> moore
Example: John J Collins -> collins
Example: John Herbert Harper -> harper
Example: George Laschinsky -> laschinsky
Example: Henry K Jue -> jue
Example: Thomas McGuinness -> mcguinness
Example: Sim Weh Lee -> lee
Example: Sam Long -> long
Example: John O'Hern -> ohern
Example: William Marmane -> marmane
Example: Lee Low -> low
Example: Leu Moy -> moy
Example: John Fagan -> fagan
Example: Jerry Marn -> marn
Example: Gabriel Asher -> asher
Example: James William Bray -> bray
Example: Kin Leung -> leung
Example: William Boland -> boland
Example: Patrick Hughes -> hughes
Example: Fredrick R Sites -> sites
Example: William Bird -> bird
Example: Thomas Webster -> webster
Example: Oliver Caldwell -> caldwell
Example: Chin Hack -> hack
Example: Benny Seto -> seto
Example: Trudlow Mahan -> mahan
Example: Que You Ching -> ching
Example: Jacob Lambrecht -> lambrecht
Example: William J Collins -> collins
Example: Alice Tooker -> tooker
Example: Young P Lee -> lee
Example: Patrick Fenaugherty -> fenaugherty
Example: James Kennefick -> kennefick
Example: John G Bond -> bond
Example: Edward Butterfield -> butterfield
Example: Philip Meany -> meany
Example: Lei Leung -> leung
Example: John Davey -> davey
Example: John Mullins -> mullins
Example: Yok Chena -> chena
Example: Goo Ah Choy -> choy
Example: Charles Bradley -> bradley
Example: Bessie M J Bigley -> bigley
Example: Thomas McElwaine -> mcelwaine
Example: Yew Wong -> wong
Example: Fow Miry Chow -> chow
Example: Zar Martishev -> martishev
Example: Yee Qun -> qun
Example: Kwok Chee Yu -> yu
Example: Homer Jung -> jung
Example: Luke May -> may
Example: William Quin -> quin
Example: Tom Been You -> you
Example: Thomas Riley -> riley
Example: Richard Burns -> burns
Example: Michael Judge -> judge
Example: Laura Lok Wah Chan -> chan
Example: Chan Kam Wah -> wah
Example: Man Son Wong -> wong
Example: Edward Castles -> castles
Example: George Kelly -> kelly
Example: Kam-Har Yung -> yung
Example: Yin Tao Lee -> lee
Example: Hugh Treanor -> treanor
Example: Chin Kee -> kee
Example: E Earl Mc Clevis -> clevis
Example: Lee Houg Yoke -> yoke
Example: Ching Mon -> mon
Example: Chock Chun -> chun
Example: Tex Sen -> sen
Example: William E Lan -> lan
Example: John Noctin -> noctin
Example: Young Toy Ack Wing -> wing
Example: John La Tuche -> tuche
Example: Edmond J Bryson -> bryson
Example: Peter Lawler -> lawler
Example: Peter Bulger -> bulger
Example: Patrick Honohan -> honohan
Example: Qua Wong -> wong
Example: Michael Weber -> weber
Example: Charley Dan -> dan
Example: Thomas Beirne -> beirne
Example: Poy Lee -> lee
Example: Edith Wong -> wong
Example: Chun Leong -> leong
Example: Patrick Bermingham -> bermingham
Example: John Brawley -> brawley
Example: David Cochrane -> cochrane
Example: William M King -> king
Example: William Biddle -> biddle
Example: David J Palmer -> palmer
Example: Anslaw Campbell -> campbell
Example: Edmund Keating -> keating
Example: John Comoskey -> comoskey
Example: Son Wong -> wong
Example: Hong For -> for
Example: Owen Barry -> barry
Example: Thomas Scanlon -> scanlon
Example: Tsai Lu Tse -> tse
Example: Bow Sun Moy -> moy
Example: Thomas Anglin -> anglin
Example: Michael T Heslin -> heslin
Example: Kow Ling -> ling
Example: Thomas Dolan -> dolan
Example: Cheng Yeung -> yeung
Example: Wong Quong Chew -> chew
Example: Charles McGuire -> mcguire
Example: Joseph James Lath -> lath
Example: George Byron -> byron
Example: Sophis S Katz -> katz
Example: John Pacl -> pacl
Example: Michael Hurigan -> hurigan
Example: Lillian B Reegla -> reegla
Example: Ah Low -> low
Example: Patrick Mulligan -> mulligan
Example: Bin Gee -> gee
Example: Sam Yee -> yee
Example: Thomas Oconner -> oconner
Example: Lam Chong -> chong
Example: Michael J McDonnell -> mcdonnell
Example: Lee Wing Wu -> wu
Example: Andrew Bruan -> bruan
Example: Henry Gillway -> gillway
Example: Woo Horn -> horn
Example: Cornelius Collins -> collins
Example: Patrick Garity -> garity
Example: Foon Yep Wong -> wong
Example: Chun Cheng Hsieh Han -> han
Example: Eugene O'Connor -> oconnor
Example: Patrick McGound -> mcgound
Example: Thomas Swords -> swords
Example: Thomas P Law -> law
Example: Shee Chai Chang -> chang
Example: Kinching Ko -> ko
Example: Kee Chung -> chung
Example: Loy Lou -> lou
Example: George Henry -> henry
Example: Willie Gee -> gee
Example: Pete Louis -> louis
Example: Harry Goon -> goon
Example: Chanz Wing Dong -> dong
Example: Harry R Stange -> stange
Example: Lue Gim Gong -> gong
Example: Frank Gornley -> gornley
Example: David Coon -> coon
Example: Eric Arthur Rinell -> rinell
Example: Robert Vangorder -> vangorder
Example: John Kehoe -> kehoe
Example: Chong Shive Dang -> dang
Example: Ming Lung -> lung
Example: Hazlett Gilmour -> gilmour
Example: Solomon Rowe -> rowe
Example: Chi-San Ip -> ip
Example: Charlie Y Lee -> lee
Example: Joan S Clark -> clark
Example: John Reilly -> reilly
Example: Joe Denz -> denz
Example: Chin Tue Quin Wong -> wong
Example: Simon Foley -> foley
Example: George Curran -> curran
Example: Fook Lin Tom -> tom
Example: Gooey Vige -> vige
Example: Patrick Gill -> gill
Example: Alfred G Briggs -> briggs
Example: Edna Chan -> chan
Example: William Laverty -> laverty
Example: Robert Mc Ilroy -> ilroy
Example: Thomas P Wilson -> wilson
Example: Wai Leong -> leong
Example: Daniel Agnew -> agnew
Example: William Poe -> poe
Example: Yep Nee Chang -> chang
Example: Alfred J Stygale -> stygale
Example: Arthur Manly Burns -> burns
Example: John Weir -> weir
Example: Jim Eag -> eag
Example: Lin Hop Yee Lum -> lum
Example: Michael Quin -> quin
Example: Wong Shek -> shek
Example: James Conahan -> conahan
Example: George Pope -> pope
Example: Bernard T Mullen -> mullen
Example: Shak Ng -> ng
Example: Yang Lim -> lim
Example: Hom Chow Law -> law
Example: Chu Wong Yee -> yee
Example: Timothy Sullivan -> sullivan
Example: Yong Aui -> aui
Example: John Morrison -> morrison
Example: John Loftus -> loftus
Example: Edward Howe -> howe
Example: Patrick Corbett -> corbett
Example: John McLean -> mclean
Example: Bo Moy -> moy
Example: Lung Low -> low
Example: Sey Quan -> quan
Example: Yik Kee Lum -> lum
Example: Lily Ling Li-schlehofer -> lischlehofer
Example: William Foster -> foster
Example: Bell Eng -> eng
Example: Hing Kong Eng -> eng
Example: Chow Sing -> sing
Example: Eugene D Blakeney -> blakeney
Example: Gardrun Rohnson -> rohnson
Example: Thomas C Lineham -> lineham
Example: Michael Cullen -> cullen
Example: Patrick Mara -> mara
Example: John Marnell -> marnell
Example: Mary E Bell -> bell
Example: William Greenige -> greenige
Example: Thomas Collow -> collow
Example: Ruth E Waite -> waite
Example: Catharine Farroll -> farroll
Example: Timothy Obrien -> obrien
Example: Hyman Morris -> morris
Example: Look Lau -> lau
Example: Henry Brand -> brand
Example: Henry J McManus -> mcmanus
Example: Charles Clifton -> clifton
Example: MA Choy -> choy
Example: Jerome H Bradley -> bradley
Example: Thomas Stone -> stone
Example: James Poole -> poole
Example: Chong Homchong -> homchong
Example: Lung Shak Fu -> fu
Example: Fook Chee Jue -> jue
Example: Michael Lyons -> lyons
Example: Ling Shieh -> shieh
Example: Walter Ung -> ung
Example: Hugh Houghton -> houghton
Example: Patrick Mc Goey -> goey
Example: David Buckley -> buckley
Example: Richard Fahey -> fahey
Example: Kwon Chong Lew -> lew
Example: Thomas J Gilmartin -> gilmartin
Example: George E Boomer -> boomer
Example: John Connor -> connor
Example: George Quock -> quock
Example: Thelma Nye -> nye
Example: James Coyne -> coyne
Example: Wong Sung -> sung
Example: Charles Henry Smith -> smith
Example: Yin Chin -> chin
Example: Charles Le Breton -> breton
Example: Kwock Voon Woo -> woo
Example: Jim Hing -> hing
Example: Charles P Flaherty -> flaherty
Example: Nicholas Brady -> brady
Example: Richard Parker -> parker
Example: Joseph Courtney -> courtney
Example: Chong Leing -> leing
Example: Walter A Hagerty -> hagerty
Example: Solomon Benjamin -> benjamin
Example: Frank W Gordon -> gordon
Example: Louis Grosser -> grosser
Example: Richard Barrett -> barrett
Example: James Bryan -> bryan
Example: Shen Ah -> ah
Example: George W Magee -> magee
Example: George Sisk -> sisk
Example: James Anderson -> anderson
Example: George Bernstein -> bernstein
Example: Fook Leong Moy -> moy
Example: Yat Chow Wong -> wong
Example: John J Banks -> banks
Example: John Boenitoch Jr -> boenitoch
Example: John Joseph Brown -> brown
Example: Jeng Shin Shen -> shen
Example: Frederick Robottom -> robottom
Example: James Beglin -> beglin
Example: Leong Eng -> eng
Example: York Jung Wong -> wong
Example: Sam Way -> way
Example: Herman Young -> young
Example: Han Chim -> chim
Example: John A Lann -> lann
Example: Pickwong Chau Tom -> tom
Example: Esther Lee -> lee
Example: John Gorman -> gorman
Example: John McGoldrick -> mcgoldrick
Example: Daniel Allen -> allen
Example: Sam Ching Junior -> junior
Example: Richard Deirle -> deirle
Example: Fai Chang -> chang
Example: Woo Leong -> leong
Example: Joe Win -> win
Example: Wong Hop -> hop
Example: William Hannon -> hannon
Example: Forster Ruhl -> ruhl
Example: Patrick Breslin -> breslin
Example: Chong Kong -> kong
Example: Thomas Begin -> begin
Example: Jess Hawk Louie -> louie
Example: Edgar E Salmon -> salmon
Example: Lewis William Lewis -> lewis
Example: Car Ching -> ching
Example: Ng Lau -> lau
Example: Charles E Burgess -> burgess
Example: James D Hayward -> hayward
Example: Nicholas Purcell -> purcell
Example: Jung Lee -> lee
Example: Fred Wing Toy -> toy
Example: Matthew Ward -> ward
Example: Robert Parker -> parker
Example: Francis Gorman -> gorman
Example: Robert Keaton -> keaton
Example: Hermann F Dorcher -> dorcher
Example: Thomas J Callaway -> callaway
Example: Frank Coyle -> coyle
Example: Choy Pan -> pan
Example: Lum Foo Moy -> moy
Example: Chu You -> you
Example: Patrick McGroaty -> mcgroaty
Example: Wong Yow -> yow
Example: Shin Leong -> leong
Example: Levi Abrahams -> abrahams
Example: Wing Lun Moy -> moy
Example: Stephen Hung -> hung
Example: Eng Kwong -> kwong
Example: Jim Na -> na
Example: John Howenry -> howenry
Example: James McFernan -> mcfernan
Example: Patrick McKeon -> mckeon
Example: Zina Kuzmin -> kuzmin
Example: Alexander Delargy -> delargy
Example: Joseph Brack -> brack
Example: Clain Liddell -> liddell
Example: Denis O'Brien -> obrien
Example: William Morrison -> morrison
Example: Denis McCarthy -> mccarthy
Example: Jung Toy -> toy
Example: Ignaty Andreeff -> andreeff
Example: Patrick Gallagher -> gallagher
Example: Lee Hop -> hop
Example: John Gilispie -> gilispie
Example: Thomas Colligan -> colligan
Example: Ging Jung -> jung
Example: Daniel Boylan -> boylan
Example: Ling Lok Yee -> yee
Example: Fedot Kuzmin -> kuzmin
Example: John Macdonald -> macdonald
Example: Matthew Toole -> toole
Example: Suey Toa Lee -> lee
Example: Sae Sing Ching -> ching
Example: Leila Judson -> judson
Example: Peter Fox -> fox
Example: Charles Yee -> yee
Example: Denis Mines -> mines
Example: Harry Wu -> wu
Example: Foo Yan Mon -> mon
Example: Vladimir Alexanderovich Bhagatram -> bhagatram
Example: Andrei Martushoff -> martushoff
Example: Long Huie Yeson -> yeson
Example: Thias Lee -> lee
Example: George Sidley Chase -> chase
Example: George Dawson -> dawson
Example: Charles Patterson -> patterson
Example: Wong Suey -> suey
Example: Sako Loy -> loy
Example: John Redfearn -> redfearn
Example: Patrick Meehan -> meehan
Example: Santa Mc Gowan -> gowan
Example: William Finlay -> finlay
Example: William Fagan -> fagan
Example: Mak Gueye Chung -> chung
Example: Sun Ho Au -> au
Example: John Blackhurst -> blackhurst
Example: William Kirkpatrick -> kirkpatrick
Example: Richard T Hughes -> hughes
Example: Ralph Chan -> chan
Example: Ellen Collin -> collin
Example: Patrick J Clark -> clark
Example: John Bracken -> bracken
Example: John Coogan -> coogan
Example: Bawan Shew -> shew
Example: Garret Hubberd -> hubberd
Example: Barney Capidy -> capidy
Example: Gee Yung -> yung
Example: Man Leong -> leong
Example: James Gillespie -> gillespie
Example: Edward Hogan -> hogan
Example: Gum Lene Young -> young
Example: Gin Sevoy -> sevoy
Example: John J Hardy -> hardy
Example: John Cullimore -> cullimore
Example: Hee Kwong Tow -> tow
Example: Richard Chong Moy -> moy
Example: James Hines -> hines
Example: Kee WA -> wa
Example: John Cusick -> cusick
Example: Irina Reutov -> reutov
Example: Andrew Berry -> berry
Example: Elizabeth Alexander -> alexander
Example: Yeurg Jung -> jung
Example: Yee Tang -> tang
Example: Tom Sing -> sing
Example: Isaac Burns -> burns
Example: Patrick McCahill -> mccahill
Example: Stephen Croughen -> croughen
Example: Lee Sing -> sing
Example: Lee Lung -> lung
Example: William Andrews -> andrews
Example: Domingo Emuy -> emuy
Example: Chun Lee Leong -> leong
Example: Peter Aitken -> aitken
Example: Steven Gee Eng -> eng
Example: Yuen Shee Maw -> maw
Example: William Quinlan -> quinlan
Example: Laurence Carey -> carey
Example: Cornelius McFadden -> mcfadden
Example: Francis Gallagher -> gallagher
Example: Peter Shine -> shine
Example: Hezekiah Robinson -> robinson
Example: Ju Yin -> yin
Example: Thomas Cahill -> cahill
Example: Kam Sing Tom -> tom
Example: James Cullen -> cullen
Example: James Buchanan -> buchanan
Example: Sing A Wong -> wong
Example: George Coghlan -> coghlan
Example: Daniel Powell -> powell
Example: John Raerdy -> raerdy
Example: Hugh Clarke -> clarke
Example: Robert Towers -> towers
Example: Lee Sen -> sen
Example: John Tainney -> tainney
Example: Joseph Sing -> sing
Example: Dung Lum -> lum
Example: Patrick Kerr -> kerr
Example: Thomas S McCoubrey -> mccoubrey
Example: Mau Liu -> liu
Example: Frank Bagata -> bagata
Example: Wai Kin Joe -> joe
Example: Michael J Nolan -> nolan
Example: Harny Kee -> kee
Example: John M Bondie -> bondie
Example: William A O'Brien -> obrien
Example: John Ragan -> ragan
Example: John Rodgers -> rodgers
Example: George Cooley -> cooley
Example: Simon Nikolaevich Porshnikoff -> porshnikoff
Example: Julius Brugell -> brugell
Example: Tom Tonley -> tonley
Example: Lai Leu -> leu
Example: John Cahill -> cahill
Example: James Weston -> weston
Example: Andrew Chi-Gi Kao -> kao
Example: George Fair -> fair
Example: Sang Law -> law
Example: Patrick Cashin -> cashin
Example: Thomas Daily -> daily
Example: Mah Gim Jung Lee -> lee
Example: Bartholomew Gill -> gill
Example: On Woo Shee -> shee
Example: Wong Tak -> tak
Example: Michael Hullbran -> hullbran
Example: John J Shiels -> shiels
Example: John Prescott -> prescott
Example: Edwin Pearman -> pearman
serialized 991 examples
serialized 991 labels
0,nan,0.5469798657718121,nan,0.5541125541125541
1,nan,0.5671140939597316,nan,0.5757575757575758
2,nan,0.5838926174496645,nan,0.5873015873015873
3,nan,0.610738255033557,nan,0.6075036075036075
4,nan,0.6610738255033557,nan,0.6190476190476191
5,nan,0.6812080536912751,nan,0.6464646464646465
6,nan,0.697986577181208,nan,0.658008658008658
7,nan,0.697986577181208,nan,0.6753246753246753
8,nan,0.697986577181208,nan,0.7085137085137085
9,nan,0.7919463087248322,nan,0.7027417027417028
10,nan,0.7751677852348994,nan,0.7373737373737373
11,nan,0.8087248322147651,nan,0.7503607503607503
12,nan,0.7785234899328859,nan,0.7676767676767676
13,nan,0.7986577181208053,nan,0.7821067821067821
14,nan,0.8389261744966443,nan,0.7647907647907648
15,nan,0.825503355704698,nan,0.8008658008658008
16,nan,0.8489932885906041,nan,0.7936507936507936
17,nan,0.8758389261744967,nan,0.7950937950937951
18,nan,0.8657718120805369,nan,0.7994227994227994
19,nan,0.8590604026845637,nan,0.8008658008658008
Saved model to data.npz
