Training data
Example: Lum Shee An -> an
Example: Patrick Briordy -> briordy
Example: Hugh Murray -> murray
Example: Hsin Cheo Ung -> ung
Example: Serapion Jerry Reutov -> reutov
Example: Singer Leung -> leung
Example: Patrick Meehan -> meehan
Example: John Chin -> chin
Example: Jane Yen-Ti Virg-in -> virgin
Example: Kit Chin -> chin
Example: Philip Cassidy -> cassidy
Example: Choy Wong -> wong
Example: Tung Law -> law
Example: John Ascilla -> ascilla
Example: Daniel G Reilly -> reilly
Example: George Cooley -> cooley
Example: Sarah Ann Daniel -> daniel
Example: Ah Ying Lew -> lew
Example: John Healy -> healy
Example: Gaen Lee -> lee
Example: Frances Harriet Schramm -> schramm
Example: John Williams -> williams
Example: William Chu -> chu
Example: Hung Yee Moy Wong -> wong
Example: Edward Bush -> bush
Example: James G Hammond -> hammond
Example: Patrick Bluett -> bluett
Example: Charlie Duong -> duong
Example: Wan Sang -> sang
Example: Ruby Steinberg -> steinberg
Example: Patrick Coogan -> coogan
Example: Petep Williamson -> williamson
Example: Lee Foung -> foung
Example: Joseph Rice -> rice
Example: John Hussey -> hussey
Example: Sum Chin -> chin
Example: Robert E Reuman -> reuman
Example: Eong Shee Lee -> lee
Example: John Caffery -> caffery
Example: Leroy W Mccartney -> mccartney
Example: Mary Collins -> collins
Example: Gee Chin -> chin
Example: Tai Gee -> gee
Example: Lee Nen -> nen
Example: Morris Buswell -> buswell
Example: Vincent Tsin-Ming Chen -> chen
Example: Boris Martushoff -> martushoff
Example: Nein Lung -> lung
Example: Michael Coughlin -> coughlin
Example: Suey Wah Tuey -> tuey
Example: John Kent -> kent
Example: George Handy -> handy
Example: John Haffy -> haffy
Example: Bin Gee -> gee
Example: Patrick Burns -> burns
Example: Dip Yee -> yee
Example: Mow Jung -> jung
Example: Patrick Farelly -> farelly
Example: Yut Yung Gee -> gee
Example: Chang Shee Sui -> sui
Example: John Ching -> ching
Example: James Spotton -> spotton
Example: Farn Moy -> moy
Example: Wong Foy -> foy
Example: Martin Dowd -> dowd
Example: Kim Yee Yee -> yee
Example: Charles Mc Carten -> carten
Example: Philip Brady -> brady
Example: John Shee Leong -> leong
Example: Thomas McIntyre -> mcintyre
Example: Garl Lai Wong -> wong
Example: Bernard Donahue -> donahue
Example: Bernard Reilly -> reilly
Example: Tch Wei Lui -> lui
Example: Gong Mong Leung -> leung
Example: Chan Hsiu Sui -> sui
Example: Edward Hagan -> hagan
Example: Fee Loo -> loo
Example: Martha Banister -> banister
Example: Sum Seen -> seen
Example: Carman Marie Sousa Puerner -> puerner
Example: Yep Quen Hor -> hor
Example: Andrew Boyle -> boyle
Example: Lawrence Mulcahy -> mulcahy
Example: John Gorman -> gorman
Example: Luzee A Yeabrsin -> yeabrsin
Example: Bryan Darcy -> darcy
Example: Roger Donegan -> donegan
Example: Hyman Abrahams -> abrahams
Example: Robert Little -> little
Example: Yuk Min Lum -> lum
Example: Ji Low -> low
Example: Dennis Sweeney -> sweeney
Example: AL Sum Sam -> sam
Example: Weng Lee -> lee
Example: James Martin -> martin
Example: Edward Carey -> carey
Example: William H Crane -> crane
Example: Phuong Hue Peterson -> peterson
Example: China E H Lee -> lee
Example: Philemon A Morley -> morley
Example: Thomas Kennedy -> kennedy
Example: Chen Tang -> tang
Example: Gayus L Blair -> blair
Example: Edward F Cahill -> cahill
Example: Edmond J Bryson -> bryson
Example: Ruth E Waite -> waite
Example: Edward Doherty -> doherty
Example: Theophilus Tinsley -> tinsley
Example: Charles Kean -> kean
Example: James Lee -> lee
Example: Ada Aboltin -> aboltin
Example: Frances Northcott -> northcott
Example: James A Beattie -> beattie
Example: Fred Monkedieck -> monkedieck
Example: John Lazarus -> lazarus
Example: Paraskovia Basargin -> basargin
Example: Dai Chin Wong -> wong
Example: John O'Hern -> ohern
Example: Patrick Curry -> curry
Example: Jean Yin-Jen Wang -> wang
Example: Ching Bong -> bong
Example: Ng Suck Hom -> hom
Example: George A Burnett -> burnett
Example: Andrew Crawford -> crawford
Example: Julia Grice -> grice
Example: Henry Bayldon -> bayldon
Example: Fong Dai -> dai
Example: Tom Lee Ching -> ching
Example: Chong Shee Lum -> lum
Example: Walter Haslam -> haslam
Example: Yee Beng Woo -> woo
Example: George Pattison -> pattison
Example: Lawrence McGowan -> mcgowan
Example: Richard Keeping -> keeping
Example: Bing Ying Hor -> hor
Example: Lang Buck -> buck
Example: Yee Fook Seto -> seto
Example: Chew Ding -> ding
Example: Louis Victor Plaseman -> plaseman
Example: Chin Shee Lee -> lee
Example: Arthur Mc Clish -> clish
Example: Ivan F Reutov -> reutov
Example: Andrew Wilson -> wilson
Example: Shen Ah -> ah
Example: Sang Law -> law
Example: Hugh Watts -> watts
Example: Charles Bosthwick -> bosthwick
Example: Fatt Luig -> luig
Example: Pavla Kalugin -> kalugin
Example: Joseph R Turgeon -> turgeon
Example: Sung Choy Pang -> pang
Example: Bawan Shew -> shew
Example: Harry Mark -> mark
Example: John Edward Mellor -> mellor
Example: Louie Jack -> jack
Example: Ching Bark Hing -> hing
Example: Harry Yee Fong -> fong
Example: Henry A Adams -> adams
Example: Mark J Wong -> wong
Example: One Choy -> choy
Example: Thyn Gee Yes -> yes
Example: John Joseph Brown -> brown
Example: Jeremiah Coveny -> coveny
Example: John Phillips -> phillips
Example: Christopher Hannan -> hannan
Example: Young Toy Ack Wing -> wing
Example: John Mack -> mack
Example: Dungwai Ling Chun -> chun
Example: William Lester -> lester
Example: Jee Lun -> lun
Example: Harold Wong -> wong
Example: Patrick Larkey -> larkey
Example: David Ragnor Lambour -> lambour
Example: Thomas Cullyhole -> cullyhole
Example: Steven Yip Shing Lee -> lee
Example: Sue Boock -> boock
Example: James Clingan -> clingan
Example: Matthew Bower -> bower
Example: Arleta May Oldham -> oldham
Example: Edward Caralan -> caralan
Example: Michael Weber -> weber
Example: George A Mc Gibney -> gibney
Example: Chang Yin Shih -> shih
Example: John S D Russell -> russell
Example: Martin Butler -> butler
Example: Kate H Lowber -> lowber
Example: Patrick McDonough -> mcdonough
Example: Edgar H Chadwick -> chadwick
Example: Frank Wing -> wing
Example: Alan Verner Locke -> locke
Example: Joe Jung -> jung
Example: Michael Buckley -> buckley
Example: Hugh Leahy -> leahy
Example: Foon Wang -> wang
Example: Shan Sing -> sing
Example: Ping Lee -> lee
Example: Joseph Daily -> daily
Example: Thomas Kinkaio -> kinkaio
Example: Wah Soe Chan -> chan
Example: Daniel Hamil -> hamil
Example: Mathew Clum -> clum
Example: Look Lau -> lau
Example: Wing Sam -> sam
Example: Lee Sak -> sak
Example: Thomas Monahan -> monahan
Example: Alex Jack -> jack
Example: Ting Sang Cho -> cho
Example: Patrick Marren -> marren
Example: Patrick Custtlo -> custtlo
Example: Anna Konovalov -> konovalov
Example: Gooey Vige -> vige
Example: Henry Saiyuen Tom -> tom
Example: Kenny Foon Lui -> lui
Example: York Lee -> lee
Example: Michael J Quinn -> quinn
Example: Moy Sieu -> sieu
Example: James Brennan -> brennan
Example: John Curran -> curran
Example: Hing Tsai Woo -> woo
Example: Ming Lee -> lee
Example: Grace Althaus -> althaus
Example: John K L Chun -> chun
Example: William H Clark -> clark
Example: John Bayne -> bayne
Example: Stephen Barratt -> barratt
Example: Flora Sullivan -> sullivan
Example: Glenn Throup -> throup
Example: Thomas M Sother -> sother
Example: Pon Dackiah -> dackiah
Example: Lok Ng -> ng
Example: John Nolan -> nolan
Example: Patrick Tooner -> tooner
Example: John Coveney -> coveney
Example: John McKanna -> mckanna
Example: Xin Ying MO -> mo
Example: Long Toy -> toy
Example: Philip Hinfai Chan -> chan
Example: Myring K Shin -> shin
Example: Edward Fisher -> fisher
Example: Patrick Lone -> lone
Example: Chester Dong -> dong
Example: George Gordon -> gordon
Example: Thomas Bowhen -> bowhen
Example: Owen Hagan -> hagan
Example: Cornelius Sullivan -> sullivan
Example: Denis McCarthy -> mccarthy
Example: Lee Mow -> mow
Example: Ambrosio Ferrer -> ferrer
Example: Lung Shak Fu -> fu
Example: Harriet L Brown -> brown
Example: Charley Won -> won
Example: Thomas F Anderson -> anderson
Example: Wong Linn -> linn
Example: Henry McShane -> mcshane
Example: Owen Burns -> burns
Example: Dan See -> see
Example: Alice Barkley -> barkley
Example: Chan Moy -> moy
Example: Hugh P Lamon -> lamon
Example: Tex Sen -> sen
Example: Jong Wong -> wong
Example: Michael Bergin -> bergin
Example: Brien O'Connor -> oconnor
Example: John Vail -> vail
Example: John Cocklin -> cocklin
Example: Patrick Colclough -> colclough
Example: Margaret Bissonette -> bissonette
Example: Luck Kwock -> kwock
Example: James Quigley -> quigley
Example: Yen Chow Yin -> yin
Example: James Bond -> bond
Example: John Corbett -> corbett
Example: Bow Chan -> chan
Example: John Redding -> redding
Example: H Mue Yuen -> yuen
Example: Din Choy -> choy
Example: George H Broadhurst -> broadhurst
Example: Wen T Tien -> tien
Example: Lau Wai Meininger -> meininger
Example: Jeremiah Cashman -> cashman
Example: John Fleming -> fleming
Example: John Ragan -> ragan
Example: George Barrie -> barrie
Example: James Cleary -> cleary
Example: Yee Shee Fong -> fong
Example: Michael Francis Blade -> blade
Example: John N Swanson -> swanson
Example: John Scannell -> scannell
Example: James Laverty -> laverty
Example: Bernard Barnes -> barnes
Example: Sam Ching Junior -> junior
Example: Ging Jung -> jung
Example: John Swift -> swift
Example: Cheng Chan -> chan
Example: William J Herlihy -> herlihy
Example: John Manion -> manion
Example: Chin Wing Soon -> soon
Example: Thomas Lennon -> lennon
Example: William N Pierepont -> pierepont
Example: James McCarty -> mccarty
Example: George Wilson -> wilson
Example: Janet Po-Chu Yan -> yan
Example: Fedor Basargin -> basargin
Example: Ekaterina Kuzmin -> kuzmin
Example: Tong Wing -> wing
Example: Richard Marum -> marum
Example: Michael Kilduff -> kilduff
Example: Charles Lee -> lee
Example: Sa Ming Leu -> leu
Example: Ernest W S Buckland -> buckland
Example: James Coffey -> coffey
Example: Patrick Higgins -> higgins
Example: Lai Sin Vip -> vip
Example: James Davie -> davie
Example: Baing Wong -> wong
Example: Mei-Chung Yang -> yang
Example: Sik Wang Lam -> lam
Example: Sun Louie -> louie
Example: Pang Moon -> moon
Example: Bow Sing -> sing
Example: Edward Morgan -> morgan
Example: Lillian Bachman -> bachman
Example: Arthur H Sergeant -> sergeant
Example: Chin Len -> len
Example: William Cade -> cade
Example: Ming Lung -> lung
Example: Richard T Hughes -> hughes
Example: John Connelly -> connelly
Example: Patrick King -> king
Example: Daniel M Clarke -> clarke
Example: Sim Weh Lee -> lee
Example: Thomas Simpson -> simpson
Example: Frank Gallagher -> gallagher
Example: ?All Woo -> woo
Example: John Jr Sheridan -> sheridan
Example: Haniet S Alvarez -> alvarez
Example: Yong Xiong Yu -> yu
Example: Chan Hang -> hang
Example: Chu You -> you
Example: Edmond Boisseau -> boisseau
Example: John Hayes -> hayes
Example: Jim Hop -> hop
Example: Michael Ruttke -> ruttke
Example: Leong Yeu Lee -> lee
Example: John Burke -> burke
Example: Hinsun Tom -> tom
Example: Alice Archer -> archer
Example: Dietrich Dohrmann -> dohrmann
Example: James Coghlan -> coghlan
Example: Michael Burk -> burk
Example: Wong Apau -> apau
Example: William Ashton -> ashton
Example: Thomas Galagher -> galagher
Example: John Williams -> williams
Example: Leo Fet -> fet
Example: Yuk Foo Wong -> wong
Example: Wai Ying Kwong -> kwong
Example: William Morrison -> morrison
Example: Patrick J Doherty -> doherty
Example: Thomas Arnol -> arnol
Example: Patrick Mooney -> mooney
Example: James Helmer Fiddler -> fiddler
Example: Bock Jong Wong -> wong
Example: Ioug Chu -> chu
Example: Harry Foat -> foat
Example: Charles B Smith -> smith
Example: Henry Hartmann -> hartmann
Example: James Nolan -> nolan
Example: Patrick J Beirne -> beirne
Example: Mary Ann Padlicchi -> padlicchi
Example: Ah Mon Pang -> pang
Example: Harry Lim -> lim
Example: Yun P Chee -> chee
Example: Alexander Auley -> auley
Example: Jeremiah Casey -> casey
Example: Thomas Cashman -> cashman
Example: Avtonom Martushoff -> martushoff
Example: Anna M Konovalov -> konovalov
Example: Jeremiah McCarthy -> mccarthy
Example: George Brookes -> brookes
Example: James Gilmartin -> gilmartin
Example: Gee Ming -> ming
Example: John Pickley -> pickley
Example: Harry C Adam -> adam
Example: Paul Owzang -> owzang
Example: Peter Cox -> cox
Example: You Sing Chong -> chong
Example: Frederick Martin -> martin
Example: Wong Loy -> loy
Example: Frank Moy -> moy
Example: Dennis Cunningham -> cunningham
Example: Kaw Tam -> tam
Example: Ben Chin -> chin
Example: Fong Lum -> lum
Example: Wen C Fena -> fena
Example: Frederick W Flatten -> flatten
Example: Hung Shee Au -> au
Example: Chan Long -> long
Example: Mai Wang -> wang
Example: Chin Hom -> hom
Example: John Skerritt -> skerritt
Example: Tsu Wei Liu -> liu
Example: Patrick J Smyth -> smyth
Example: Sammy Pong -> pong
Example: Long Lui -> lui
Example: Frank Brown -> brown
Example: Poy Lee -> lee
Example: William Higgins -> higgins
Example: Ling Donchew -> donchew
Example: James Caffry -> caffry
Example: Mary Emille Robbins -> robbins
Example: Chee Chong -> chong
Example: Michael Healey -> healey
Example: Toy Yuen Dong -> dong
Example: Alfred J Andrews -> andrews
Example: Ong Wong -> wong
Example: Chow Wong -> wong
Example: John Birmingham -> birmingham
Example: John Furlong -> furlong
Example: Gan Youn Wong -> wong
Example: Patrick Garity -> garity
Example: William Angus -> angus
Example: Monon Yee -> yee
Example: Anna Young -> young
Example: Samuel J Thackaberry -> thackaberry
Example: Way F Dang -> dang
Example: Wong Kuey -> kuey
Example: Young Yee -> yee
Example: Constint Huang -> huang
Example: Daniel Hawlin -> hawlin
Example: Cheung Chun -> chun
Example: Timothy Collins -> collins
Example: John McAlister -> mcalister
Example: Sugn Lee -> lee
Example: Martin Burke -> burke
Example: Samuel Parsons -> parsons
Example: Patrick Manon -> manon
Example: Emeila Rooch -> rooch
Example: Joseph Tien-Chin Lin -> lin
Example: Irene Anderson -> anderson
Example: Peter Callaghan -> callaghan
Example: Barney Urell -> urell
Example: Lum Wang -> wang
Example: Thomas Collow -> collow
Example: James Ronan -> ronan
Example: Wee Lee Lee -> lee
Example: Peter Carey -> carey
Example: Park Sing -> sing
Example: Dock Yow Wong -> wong
Example: Hwei-Ho Lin -> lin
Example: Sing Jung -> jung
Example: Elizabeth A Lond -> lond
Example: Tom Shie Kong -> kong
Example: Pon Hor -> hor
Example: Michael Shearman -> shearman
Example: Edward Matthews -> matthews
Example: Miles Dowling -> dowling
Example: Patrick Curney -> curney
Example: John Loftus -> loftus
Example: Lee Kong -> kong
Example: Koon Louie -> louie
Example: William Leonard -> leonard
Example: Edward Kelly -> kelly
Example: Lesle Lince -> lince
Example: Michael F McCarthy -> mccarthy
Example: Frank Greenan -> greenan
Example: Choung Lee -> lee
Example: John Cassidy -> cassidy
Example: Chong Shu Chang -> chang
Example: Lou Choung -> choung
Example: Kim Ah -> ah
Example: Thomas Wither -> wither
Example: Kee Chee -> chee
Example: Hin Hor -> hor
Example: Jun Hong Wong -> wong
Example: John Bransfield -> bransfield
Example: Joe Kee -> kee
Example: Martin Collerton -> collerton
Example: Richard Bushey -> bushey
Example: Lai Len Ng -> ng
Example: John L Davis -> davis
Example: Susan Hannay -> hannay
Example: Lum Chu -> chu
Example: Doy Lau -> lau
Example: Ah Moon -> moon
Example: Lai Yee -> yee
Example: Dennis Donnovan -> donnovan
Example: Eugene O'Connor -> oconnor
Example: James A Bracken -> bracken
Example: Martin Feehan -> feehan
Example: War Yum Ming -> ming
Example: John Meehan -> meehan
Example: Robert J Farrell -> farrell
Example: Daniel Lawler -> lawler
Example: John K Campbell -> campbell
Example: Louis Ott -> ott
Example: Thomas Ayres -> ayres
Example: Arthur G Banks -> banks
Example: Louis Mansurr -> mansurr
Example: Sang Dong -> dong
Example: Patrick Lenaghan -> lenaghan
Example: Frantz K Crungacker -> crungacker
Example: John B Burgoyne -> burgoyne
Example: Henry Johnson -> johnson
Example: Do Pong Lew -> lew
Example: Pang Lum -> lum
Example: John Gormley -> gormley
Example: John C Marcal -> marcal
Example: Jung Yee -> yee
Example: Bong Lee -> lee
Example: Donald G McKenzie -> mckenzie
Example: John Noctin -> noctin
Example: Chee Monlee -> monlee
Example: Ju Wong -> wong
Example: Chun Wong -> wong
Example: John Dunne -> dunne
Example: Eleanor Felbaum -> felbaum
Example: Bernard Mullen -> mullen
Example: Shuok Chon Gee -> gee
Example: May Ouoi Ong -> ong
Example: Patrick Ledwith -> ledwith
Example: Foak Yuan Wong -> wong
Example: Francis A Brewster -> brewster
Example: Charlie Smith -> smith
Example: Patrick Balan -> balan
Example: John Donohue -> donohue
Example: Sin Doo -> doo
Example: Jeso O Toy -> toy
Example: Lon On -> on
Example: Fan Quang Ow -> ow
Example: Mei-Mei Shen -> shen
Example: Hen Yan Ng -> ng
Example: Man Chin -> chin
Example: Bernard Cummings -> cummings
Example: Hung Au -> au
Example: George H Giles -> giles
Example: Eng Kim Chu -> chu
Example: Charles Mc Auley -> auley
Example: Charlie Lies -> lies
Example: Toy Quong Hang -> hang
Example: Mathew Degnan -> degnan
Example: Albion J B Alexander -> alexander
Example: Robt McNabb -> mcnabb
Example: Charles AR Wing -> wing
Example: Humphrey Bell -> bell
Example: Edward Bogan -> bogan
Example: Charles Mc Kenna -> kenna
Example: She Hin Chin -> chin
Example: James Peacock -> peacock
Example: Patrick Hart -> hart
Example: Joseph Thomas -> thomas
Example: Keun Looie -> looie
Example: Garret Hubberd -> hubberd
Example: John P Courtney -> courtney
Example: Mike Byrne -> byrne
Example: Thomas Anglin -> anglin
Example: Evtropii Matveev -> matveev
Example: Gum Lene Young -> young
Example: Sung Tong -> tong
Example: Mary Weirick -> weirick
Example: Valentine Dwyer -> dwyer
Example: Josephine Frost -> frost
Example: Ah Cheeng -> cheeng
Example: Ah Sing -> sing
Example: George Linney -> linney
Example: Yung Chu -> chu
Example: George Campbell -> campbell
Example: Frank Leong -> leong
Example: Thomas Grennen -> grennen
Example: Peter Donnelly -> donnelly
Example: John Barlow -> barlow
Example: Vera Plotkin -> plotkin
Example: Ping Chin -> chin
Example: Pon Lim Yam -> yam
Example: Dennis Leary -> leary
Example: David Dettmer -> dettmer
Example: William James Law -> law
Example: James Flannery -> flannery
Example: Kow Chun -> chun
Example: James Burn -> burn
Example: Edward Browne -> browne
Example: Fook Sing Quan -> quan
Example: Wong Hing -> hing
Example: Isidore Mok -> mok
Example: Suey Yee Hum -> hum
Example: Fank Shinn -> shinn
Example: Lee MO Lee -> lee
Example: Baw Fang -> fang
Example: Joe Tony -> tony
Example: John Culham -> culham
Example: Chung Kee -> kee
Example: Peter Clark -> clark
Example: James Belcase -> belcase
Example: Show Tong Eng -> eng
Example: James Mc Gough -> gough
Example: Patrick Garrigan -> garrigan
Example: Patrick Coleman -> coleman
Example: Thomas McMahon -> mcmahon
Example: James Mc Alhiney -> alhiney
Example: Walter Cowley -> cowley
Example: James F Boyd -> boyd
Example: Bernard Earley -> earley
Example: Ladismere Lawrence -> lawrence
Example: John Barker -> barker
Example: Patrick McGearty -> mcgearty
Example: Lee Hol -> hol
Example: Mock Harn -> harn
Example: Bernard Donlon -> donlon
Example: Michael Dunnigan -> dunnigan
Example: Oy Wan Chin -> chin
Example: Jeu Tom -> tom
Example: Kid Lum -> lum
Example: Wong Ruock -> ruock
Example: Hut Lum -> lum
Example: Daniel Keeffe -> keeffe
Example: Yee Doo -> doo
Example: Gloria Chang -> chang
Example: Martin Connelly -> connelly
Example: Kim Duck Seto -> seto
Example: John Armstrong -> armstrong
Example: Wong Tye Ock -> ock
Example: Patrick Sheils -> sheils
Example: Ah Sim King -> king
Example: Dock Wong -> wong
Example: Annie Smith -> smith
Example: Yit Yun Ngai -> ngai
Example: Looagill Ngin -> ngin
Example: Samuel Wale -> wale
Example: John Caffrey -> caffrey
Example: Alfred Crofoot -> crofoot
Example: Arthur Burns -> burns
Example: Thos Galagher -> galagher
Example: Moy Kwong -> kwong
Example: Edward Small -> small
Example: Say Lee -> lee
Example: Suey Lim -> lim
Example: Patrick F Doherty -> doherty
Example: Mon Yee Chew -> chew
Example: Tom Fong -> fong
Example: Hin Young -> young
Example: Lou L Hing -> hing
Example: Charles Jonas Brooke -> brooke
Example: Hugh Jr Burns -> burns
Example: Wade Wei Loo -> loo
Example: Louis Gee -> gee
Example: Chen J Wah -> wah
Example: Toy Jung -> jung
Example: Julius Bronson -> bronson
Example: James Hughes -> hughes
Example: Maurice Breen -> breen
Example: Thomas Brady -> brady
Example: Violet Lum -> lum
Example: William Collopy -> collopy
Example: James E McDorman -> mcdorman
Example: James Lamont -> lamont
Example: John G Bond -> bond
Example: Koon Su Wong -> wong
Example: Jeannette Chew -> chew
Example: Leung Yen Ho -> ho
Example: Dennis Lucay -> lucay
Example: Edward J Convey -> convey
Example: Leong Wah -> wah
Example: Chidi Wong Lee -> lee
Example: Jack Wen -> wen
Example: Francis P Gavan -> gavan
Example: Ernest F Caulfield -> caulfield
Example: George E Boomer -> boomer
Example: Thomas Dixon -> dixon
Example: Harry Wing -> wing
Example: Chum Man Tom -> tom
Example: Owen Reilly -> reilly
Example: Edward Lanegan -> lanegan
Example: Michael Comar -> comar
Example: Hom Shee Goon -> goon
Example: Kem Hill -> hill
Example: Kam Lin Ng -> ng
Example: Ludwig Borg -> borg
Example: Charles Clifton -> clifton
Example: John Medlar -> medlar
Example: Yung-Kuei Sam Lee -> lee
Example: Sinty Sin Yep -> yep
Example: Bing Wong -> wong
Example: Walter Shew -> shew
Example: James Ackerman -> ackerman
Example: George Laschinsky -> laschinsky
Example: Hung Yon Sit Chan -> chan
Example: Michael Sheilds -> sheilds
Example: Mark Kearns -> kearns
Example: John Dier -> dier
Example: Louis Russale Barry -> barry
Example: Martin Beine -> beine
Example: Jeremiah Sullivan -> sullivan
Example: Isabella Harworth -> harworth
Example: David Alexander -> alexander
Example: James McIver -> mciver
Example: Lum Lai -> lai
Example: Bessie M J Bigley -> bigley
Example: Tyzz-Liang Wu -> wu
Example: Harry Soong -> soong
Example: Quon Yew -> yew
Example: William Cleary -> cleary
Example: Chan Kam Wah -> wah
Example: Qun Shuf O Asherman -> asherman
Example: Tie Yick Wong -> wong
Example: Cho Tol -> tol
Example: Thomas Code -> code
Example: James McNally -> mcnally
Example: Suy Gee -> gee
Example: William Smith -> smith
Example: Daniel W Fowley -> fowley
Example: William Herricks -> herricks
Example: Kew Chin -> chin
Example: Joe Foo -> foo
Example: Shuk Ching Yan -> yan
Example: Hubert M Deburgh -> deburgh
Example: Patrick Bowen -> bowen
Example: George Best -> best
Example: Jack Horn -> horn
Example: Robert Waters -> waters
Example: Kau Liu -> liu
Example: Richard Beckett -> beckett
Example: Thomas Rahill -> rahill
Example: Antonio Penaber -> penaber
Example: Patrick Joyce -> joyce
Example: Arthur McEneaney -> mceneaney
Example: Ow Cheong Young -> young
Example: Sing Gon Mow -> mow
Example: Wai Wo Yee -> yee
Example: Dennis Shean -> shean
Example: Patt Fogarty -> fogarty
Example: Annie Young -> young
Example: Henry Tom -> tom
Example: Nicholas Purcell -> purcell
Example: Lin Wong -> wong
Example: Ching King -> king
Example: Violet Low -> low
Example: David J Seymour -> seymour
Example: Leong Eng -> eng
Example: Tse Ki -> ki
Example: Francis D Costelloe -> costelloe
Example: Michael Winslow -> winslow
Example: Wah San -> san
Example: Louie Jking -> jking
Example: John Coady -> coady
Example: William E Lan -> lan
Example: Lum Sau Lee -> lee
Example: James Bingham -> bingham
Example: James Kerrigan -> kerrigan
Example: Christian Epple -> epple
Example: Ai-Yu Huang -> huang
Example: Mui Hung Yuen -> yuen
Example: Charles Beckett -> beckett
Example: James Melloy -> melloy
Example: Ting Ng -> ng
Example: Loi Sang -> sang
Example: James Browner -> browner
Example: Yet Ashing -> ashing
Example: Patrick O'Connor -> oconnor
Example: Hong For -> for
Example: Chee Woung -> woung
Example: Ernest Henry Riordan -> riordan
Example: Jim Hong -> hong
Example: Barbara Mc Callie -> callie
Example: Roger J Collins -> collins
Example: Lavro Ivanov -> ivanov
Example: James Sloan -> sloan
Example: Patrick Dunn -> dunn
Example: Mark King -> king
Example: Yin Song -> song
Example: Edwin Brooksbank -> brooksbank
Example: Henry Finley -> finley
Example: Alex Wong -> wong
Example: Denis Jr Driscoll -> driscoll
Example: John Farrell -> farrell
Example: James Luddell -> luddell
Example: Yee Tang -> tang
Example: Wo Mar -> mar
Example: Chuey Low Fong -> fong
Example: Bernard Conway -> conway
Example: Chin Tuoy See -> see
Example: Ho Kin -> kin
Example: John Fraser -> fraser
Example: John Gray -> gray
Example: George Fitzgerald -> fitzgerald
Example: Alexander Barry -> barry
Example: Matthias Parks -> parks
Example: Foong Ong Law -> law
Example: David S Stevenson -> stevenson
Example: Lawrence Filburn -> filburn
Example: William Rarnsford -> rarnsford
Example: Daniel Gillespie -> gillespie
Example: Robert Farrell -> farrell
Example: Shim Louie -> louie
Example: William Ahern -> ahern
Example: Bing Hugh Ng -> ng
Example: Michael J Cuddy -> cuddy
Example: John Reis -> reis
Example: Edward Lackey -> lackey
Example: Rufus H Brown -> brown
Example: Thomas McWhinney -> mcwhinney
Example: Michael Pak Kwan Wong -> wong
Example: Wee Lung -> lung
Example: Edwin Lawrence -> lawrence
Example: Ng Shee Pang -> pang
Example: Michael Cahill -> cahill
Example: James Weston -> weston
Example: John Alcorn -> alcorn
Example: Feng Han -> han
Example: Ham Nee Fong -> fong
Example: Byron G O'Hara Junior -> junior
Example: Lam Share Nin -> nin
Example: Daniel McNamara -> mcnamara
Example: Robert A Kemp Jr. -> kemp
Example: Matthew Cahill -> cahill
Example: Yon Foo Eng -> eng
Example: Wen Gau -> gau
Example: Wong Bick Moy -> moy
Example: Sow How -> how
Example: Patrick J Weldon -> weldon
Example: Georgia Nagnaki -> nagnaki
Example: Loughlin Byrne -> byrne
Example: Samuel Bailey -> bailey
Example: Wong Chow -> chow
Example: John Baptist -> baptist
Example: Bernard Lee -> lee
Example: Adam Naeder -> naeder
Example: Charles Austen -> austen
Example: James Coffield -> coffield
Example: William Knott -> knott
Example: Edward Back -> back
Example: Sippin G Pappas -> pappas
Example: Stephan Wigmore -> wigmore
Example: Peter Brady -> brady
Example: Max Geyer -> geyer
Example: Hilton Coupe -> coupe
Example: James Kirk -> kirk
Example: Kai-Wo Li -> li
Example: Shepard Voskise -> voskise
Example: Varvara Martushev -> martushev
Example: John Diezler -> diezler
Example: Thomas Henry -> henry
Example: Frank Marlow -> marlow
Example: Tong Wong Hongting -> hongting
Example: Troy Ng -> ng
Example: Michael P Murphy -> murphy
Example: James L Black -> black
Example: John Jr Gilchrist -> gilchrist
Example: Gin Wah Lee -> lee
Example: Daniel Welch -> welch
Example: Cornelius Ryan -> ryan
Example: Hugh Slowey -> slowey
Example: Yan Min Leong -> leong
Example: None Hong Gin -> gin
Example: William Lowrie -> lowrie
Example: Henry J McManus -> mcmanus
Example: Hing Chew Chang -> chang
Example: Patrick Size -> size
Example: John Behan -> behan
Example: Fun Wong -> wong
Example: Chik Szeto -> szeto
Example: Keong Ching -> ching
Example: Gaw Li -> li
Example: Ruth Hayes -> hayes
Example: Mihail Koroboff -> koroboff
Example: Willam Jasper Addems -> addems
Example: Wong Sun -> sun
Example: Hugh Blake -> blake
Example: Sergei Serebrekoff -> serebrekoff
Example: John Colligan -> colligan
Example: John Gegan -> gegan
Example: Peter Casey -> casey
Example: Lee Gee -> gee
Example: Woo Mun -> mun
Example: You Sang Moy -> moy
Example: Kai Gong -> gong
Example: Patrick Lynch -> lynch
Example: Arthur Barry -> barry
Example: Joseph Berry -> berry
Example: Gloria Lee -> lee
Example: George Fair -> fair
Example: Peter Coyle -> coyle
Example: Michael McGiff -> mcgiff
Example: William Robert Blaney -> blaney
Example: William Dormon -> dormon
Example: John Bolger -> bolger
Example: Moon Sin Chun -> chun
Example: Peter Sr Morris -> morris
Example: Wong Goon -> goon
Example: Lock Sang Louie -> louie
Example: James Biglin -> biglin
Example: Bernard Clarke -> clarke
Example: Lee Sen -> sen
Example: Anna V Martushev -> martushev
Example: William Armstrong -> armstrong
Example: John Shea -> shea
Example: Robert Wright -> wright
Example: Sing Young -> young
Example: Chen Chang -> chang
Example: Michael Bowen -> bowen
Example: Hong Ki Tok -> tok
Example: Kaw Lee -> lee
Example: Patrick McClean -> mcclean
Example: Robert Austin -> austin
Example: Charles Shanhout -> shanhout
Example: Chin Chan -> chan
Example: Peter Bennet -> bennet
Example: Chuen Kong Wong -> wong
Example: Lee Fye -> fye
Example: Yung Wing -> wing
Example: James Barber -> barber
Example: Cheung T Keung -> keung
Example: Patrick Dooladdy -> dooladdy
Example: Mathew Biglin -> biglin
Example: John Graigan -> graigan
Example: Donald MacPherson -> macpherson
Example: Katherine D Austin -> austin
Example: Chin Shee Moy -> moy
Example: Ah Kiyo Choy -> choy
Example: Framic Brown -> brown
Example: Thomas Armstrong -> armstrong
Example: William T Ramsbotham -> ramsbotham
Example: William Corbitt -> corbitt
Example: Car Ching -> ching
Example: John Ready -> ready
Example: William Boecker -> boecker
Example: Arthur T Gorman -> gorman
Example: Frank Novak -> novak
Example: Way Ngoon Wong -> wong
Example: Edward Bennett -> bennett
Example: George W Garner -> garner
Example: James Wheelan -> wheelan
Example: Owen Mc Coy -> coy
Example: Owen Meighan -> meighan
Example: James Garrigan -> garrigan
Example: Frank Boyle -> boyle
Example: Louis Hockin -> hockin
Example: Tom Ah -> ah
Example: John Bulger -> bulger
Example: Mark Beattie -> beattie
Example: Heong Chock -> chock
Example: William Beverige -> beverige
Example: Richard S Kearney -> kearney
Example: Thomas Farrell -> farrell
Example: Hop Merk -> merk
Example: Hu Shukwang -> shukwang
Example: Kwai H Lee -> lee
Example: Philip O'Connor -> oconnor
Example: Ying Yock Lau -> lau
Example: Charles O'Neill -> oneill
Example: Tone Shea Chang -> chang
Example: Anthony Bassett -> bassett
Example: Woo Shee Wong -> wong
Example: Yen Chu -> chu
Example: Patrick Rogers -> rogers
Example: Shing Yee -> yee
Example: Patrick J Broderick -> broderick
Example: Chin She Ung Y Tank -> tank
Example: Henry Firth -> firth
Example: Fook Len Moy -> moy
Example: Munjew Gong -> gong
Example: Hong Young -> young
Example: Kan Shee Dre -> dre
Example: William P Bennett -> bennett
Example: Geo Richards -> richards
Example: Dan Moy -> moy
Example: Benny Seto -> seto
Example: William H Bourks -> bourks
Example: John McKeaney -> mckeaney
Example: Thom Egan -> egan
Example: Neil McCann -> mccann
Example: Hugh Kennedy -> kennedy
Example: Patrick Fitzgerald -> fitzgerald
Example: Charles Aenishanslin -> aenishanslin
Example: Matthew O'Brien -> obrien
Example: Pon Moy -> moy
Example: Louie K Starr -> starr
Example: William Larkin -> larkin
Example: Michal Connors -> connors
Example: Thomas Bartly -> bartly
Example: Patrick Mahony -> mahony
Example: William Scott Jr -> scott
Example: Tom Lee -> lee
Example: Pavel Z Kuzmin -> kuzmin
Example: Yeun Mon Chor -> chor
Example: John Farley -> farley
Example: Chin Shee Lew -> lew
Example: John O'Connor -> oconnor
Example: Claudia Bell -> bell
Example: Charles C Beatty -> beatty
serialized 990 examples
serialized 990 labels
0,3.7103397217228364,0.5858585858585859,3.733681820957639,0.5714285714285714
1,3.535819812197014,0.5656565656565656,3.5598632029771355,0.5772005772005772
2,3.523788051323892,0.6363636363636364,3.5198323283388127,0.5988455988455988
3,3.488821836272279,0.6767676767676768,3.474352027841734,0.6305916305916306
4,3.389919176328722,0.6094276094276094,3.452622782570976,0.6724386724386724
5,3.5372706440951975,0.6498316498316499,3.427645058812688,0.6652236652236653
6,3.5155771612132454,0.6632996632996633,3.419501672965554,0.6854256854256854
7,3.429273576880259,0.6397306397306397,3.390622533748127,0.696969696969697
8,3.439337343801628,0.6599326599326599,3.3807016233301326,0.696969696969697
9,3.3962459220456394,0.7171717171717171,3.3670353867306053,0.7027417027417028
10,3.3519718198681665,0.6734006734006734,3.341535357057766,0.7272727272727273
11,3.358580737240019,0.6936026936026936,3.335363690114879,0.7186147186147186
12,3.3938176997430163,0.6632996632996633,3.319622193428663,0.7142857142857143
13,3.304678025820994,0.67003367003367,3.3148987378012023,0.746031746031746
14,3.3723826132007617,0.696969696969697,3.297700643343762,0.7243867243867244
15,3.2814546806479155,0.696969696969697,3.29893771552415,0.7417027417027418
16,3.2655690774597526,0.696969696969697,3.2796295932349366,0.7445887445887446
17,3.309306018014882,0.7171717171717171,3.2797139519189944,0.7373737373737373
18,3.250438147684855,0.7003367003367004,3.2761044590356616,0.7402597402597403
19,3.3096822995658806,0.7272727272727273,3.267162636446995,0.7445887445887446
20,3.235024820539025,0.7205387205387206,3.2543662535672864,0.7705627705627706
21,3.423509886321924,0.7205387205387206,3.24277856007759,0.746031746031746
22,3.2937828266140494,0.7306397306397306,3.264986072972851,0.7647907647907648
23,3.333040967892141,0.734006734006734,3.250193179030064,0.759018759018759
24,3.2077157077912544,0.7070707070707071,3.2544685881049378,0.7763347763347763
25,3.2445563148048486,0.7070707070707071,3.241189119985246,0.7705627705627706
26,3.254666763847464,0.7306397306397306,3.242892272532031,0.7763347763347763
27,3.341358501615245,0.7474747474747475,3.232600620788665,0.7647907647907648
28,3.287104028312018,0.7306397306397306,3.237797672623585,0.7936507936507936
29,3.252802196595271,0.7373737373737373,3.231734644359955,0.7647907647907648
Saved model to data.npz
